<?xml version="1.0" encoding="UTF-8"?>
<!DOCTYPE mapper PUBLIC "-//mybatis.org//DTD Mapper 3.0//EN" "http://mybatis.org/dtd/mybatis-3-mapper.dtd">
<mapper namespace="com.first.lovemusic.dao.CommentDao">
     <resultMap type="UserComments" id="userCommentResult">
		<id property="commentId" column="commentId" />
		<result property="userId" column="userId" />
		<result property="commentContent" column="commentContent" />
		<result property="commentTime" column="commentTime"   javaType="string"  jdbcType="TIMESTAMP"/>
	</resultMap>
	<!-- findUserCommentsByUserId -->
	<select  id="findUserCommentsByUserId"  resultMap="userCommentResult">
	     select *  from  tb_usercomments   where  userId=#{userId}
	</select>
	<!--  saveUserComment  User增加评论-->
	 <insert id="saveUserComments" >
	    insert into
		tb_usercomments(userId,commentContent,commentTime)
		values(#{userId},#{commentContent},#{commentTime})
	 </insert>
</mapper>